https://services.economy.ae/m/Pages/ServiceCard.aspx?WFID=17&amp;CategoryID=2
https://services.economy.ae/m/Pages/ServiceCard.aspx?WFID=3&amp;CategoryID=2
https://services.economy.ae/m/Pages/ServiceCard.aspx?WFID=18&amp;CategoryID=2
https://services.economy.ae/m/Pages/ServiceCard.aspx?WFID=19&amp;CategoryID=2
https://services.economy.ae/m/Pages/ServiceCard.aspx?WFID=20&amp;CategoryID=2
https://services.economy.ae/m/Pages/ServiceCard.aspx?WFID=21&amp;CategoryID=2
https://services.economy.ae/m/Pages/ServiceCard.aspx?WFID=22&amp;CategoryID=2
https://services.economy.ae/m/Pages/ServiceCard.aspx?WFID=52&amp;CategoryID=2
https://services.economy.ae/m/Pages/ServiceCard.aspx?WFID=53&amp;CategoryID=2
https://services.economy.ae/m/Pages/ServiceCard.aspx?WFID=82&amp;CategoryID=2
https://services.economy.ae/m/Pages/ServiceCard.aspx?WFID=160&amp;CategoryID=2
https://services.economy.ae/m/Pages/ServiceCard.aspx?WFID=28&amp;CategoryID=8
https://services.economy.ae/m/Pages/ServiceCard.aspx?WFID=26&amp;CategoryID=8
https://services.economy.ae/m/Pages/ServiceCard.aspx?WFID=29&amp;CategoryID=8
https://services.economy.ae/m/Pages/ServiceCard.aspx?WFID=30&amp;CategoryID=8
https://services.economy.ae/m/Pages/ServiceCard.aspx?WFID=31&amp;CategoryID=8
https://services.economy.ae/m/Pages/ServiceCard.aspx?WFID=32&amp;CategoryID=8
https://services.economy.ae/m/Pages/ServiceCard.aspx?WFID=33&amp;CategoryID=8
https://services.economy.ae/m/Pages/ServiceCard.aspx?WFID=34&amp;CategoryID=8
https://services.economy.ae/m/Pages/ServiceCard.aspx?WFID=35&amp;CategoryID=8
https://services.economy.ae/m/Pages/ServiceCard.aspx?WFID=77&amp;CategoryID=7
https://services.economy.ae/m/Pages/ServiceCard.aspx?WFID=38&amp;CategoryID=7
https://services.economy.ae/m/Pages/ServiceCard.aspx?WFID=50&amp;CategoryID=7
https://services.economy.ae/m/Pages/ServiceCard.aspx?WFID=78&amp;CategoryID=7
https://services.economy.ae/m/Pages/ServiceCard.aspx?WFID=76&amp;CategoryID=7
https://services.economy.ae/m/Pages/ServiceCard.aspx?WFID=91&amp;CategoryID=7
https://services.economy.ae/m/Pages/ServiceCard.aspx?WFID=49&amp;CategoryID=7
https://services.economy.ae/m/Pages/ServiceCard.aspx?WFID=64&amp;CategoryID=7
https://services.economy.ae/m/Pages/ServiceCard.aspx?WFID=66&amp;CategoryID=7
https://services.economy.ae/m/Pages/ServiceCard.aspx?WFID=48&amp;CategoryID=7
https://services.economy.ae/m/Pages/ServiceCard.aspx?WFID=39&amp;CategoryID=3
https://services.economy.ae/m/Pages/ServiceCard.aspx?WFID=5&amp;CategoryID=3
https://services.economy.ae/m/Pages/ServiceCard.aspx?WFID=40&amp;CategoryID=3
https://services.economy.ae/m/Pages/ServiceCard.aspx?WFID=67&amp;CategoryID=3
https://services.economy.ae/m/Pages/ServiceCard.aspx?WFID=68&amp;CategoryID=3
https://services.economy.ae/m/Pages/ServiceCard.aspx?WFID=70&amp;CategoryID=3
https://services.economy.ae/m/Pages/ServiceCard.aspx?WFID=71&amp;CategoryID=3
https://services.economy.ae/m/Pages/ServiceCard.aspx?WFID=73&amp;CategoryID=3
https://services.economy.ae/m/Pages/ServiceCard.aspx?WFID=74&amp;CategoryID=3
https://services.economy.ae/m/Pages/ServiceCard.aspx?WFID=79&amp;CategoryID=3
https://services.economy.ae/m/Pages/ServiceCard.aspx?WFID=80&amp;CategoryID=3
https://services.economy.ae/m/Pages/ServiceCard.aspx?WFID=37&amp;CategoryID=4
https://services.economy.ae/m/Pages/ServiceCard.aspx?WFID=6&amp;CategoryID=4
https://services.economy.ae/m/Pages/ServiceCard.aspx?WFID=42&amp;CategoryID=4
https://services.economy.ae/m/Pages/ServiceCard.aspx?WFID=54&amp;CategoryID=4
https://services.economy.ae/m/Pages/ServiceCard.aspx?WFID=55&amp;CategoryID=4
https://services.economy.ae/m/Pages/ServiceCard.aspx?WFID=56&amp;CategoryID=4
https://services.economy.ae/m/Pages/ServiceCard.aspx?WFID=57&amp;CategoryID=4
https://services.economy.ae/m/Pages/ServiceCard.aspx?WFID=58&amp;CategoryID=4
https://services.economy.ae/m/Pages/ServiceCard.aspx?WFID=59&amp;CategoryID=4
https://services.economy.ae/m/Pages/ServiceCard.aspx?WFID=60&amp;CategoryID=4
https://services.economy.ae/m/Pages/ServiceCard.aspx?WFID=61&amp;CategoryID=4
https://services.economy.ae/m/Pages/ServiceCard.aspx?WFID=62&amp;CategoryID=4
https://services.economy.ae/m/Pages/ServiceCard.aspx?WFID=63&amp;CategoryID=4
https://services.economy.ae/m/Pages/ServiceCard.aspx?WFID=127&amp;CategoryID=4
https://services.economy.ae/m/Pages/ServiceCard.aspx?WFID=129&amp;CategoryID=4
https://services.economy.ae/m/Pages/ServiceCard.aspx?WFID=136&amp;CategoryID=4
https://services.economy.ae/m/Pages/ServiceCard.aspx?WFID=149&amp;CategoryID=4
https://services.economy.ae/m/Pages/ServiceCard.aspx?WFID=150&amp;CategoryID=4
https://services.economy.ae/m/Pages/ServiceCard.aspx?WFID=151&amp;CategoryID=4
https://services.economy.ae/m/Pages/ServiceCard.aspx?WFID=152&amp;CategoryID=4
https://services.economy.ae/m/Pages/ServiceCard.aspx?WFID=153&amp;CategoryID=4
https://services.economy.ae/m/Pages/ServiceCard.aspx?WFID=154&amp;CategoryID=4
https://services.economy.ae/m/Pages/ServiceCard.aspx?WFID=155&amp;CategoryID=4
https://services.economy.ae/m/Pages/ServiceCard.aspx?WFID=156&amp;CategoryID=4
https://services.economy.ae/m/Pages/ServiceCard.aspx?WFID=157&amp;CategoryID=4
https://services.economy.ae/m/Pages/ServiceCard.aspx?WFID=158&amp;CategoryID=4
https://services.economy.ae/m/Pages/ServiceCard.aspx?WFID=161&amp;CategoryID=4
https://services.economy.ae/m/Pages/ServiceCard.aspx?WFID=162&amp;CategoryID=4
https://services.economy.ae/m/Pages/ServiceCard.aspx?WFID=163&amp;CategoryID=4
https://services.economy.ae/m/Pages/ServiceCard.aspx?WFID=164&amp;CategoryID=4
https://services.economy.ae/m/Pages/ServiceCard.aspx?WFID=165&amp;CategoryID=4
https://services.economy.ae/m/Pages/ServiceCard.aspx?WFID=170&amp;CategoryID=4
https://services.economy.ae/m/Pages/ServiceCard.aspx?WFID=41&amp;CategoryID=10
https://services.economy.ae/m/Pages/ServiceCard.aspx?WFID=65&amp;CategoryID=10
https://services.economy.ae/m/Pages/ServiceCard.aspx?WFID=75&amp;CategoryID=10
https://services.economy.ae/m/Pages/ServiceCard.aspx?WFID=122&amp;CategoryID=10
https://services.economy.ae/m/Pages/ServiceCard.aspx?WFID=123&amp;CategoryID=10
https://services.economy.ae/m/Pages/ServiceCard.aspx?WFID=92&amp;CategoryID=14
https://services.economy.ae/m/Pages/ServiceCard.aspx?WFID=94&amp;CategoryID=14
https://services.economy.ae/m/Pages/ServiceCard.aspx?WFID=95&amp;CategoryID=14
https://services.economy.ae/m/Pages/ServiceCard.aspx?WFID=96&amp;CategoryID=14
https://services.economy.ae/m/Pages/ServiceCard.aspx?WFID=97&amp;CategoryID=14
https://services.economy.ae/m/Pages/ServiceCard.aspx?WFID=98&amp;CategoryID=14
https://services.economy.ae/m/Pages/ServiceCard.aspx?WFID=103&amp;CategoryID=14
https://services.economy.ae/m/Pages/ServiceCard.aspx?WFID=104&amp;CategoryID=14
https://services.economy.ae/m/Pages/ServiceCard.aspx?WFID=113&amp;CategoryID=14
https://services.economy.ae/m/Pages/ServiceCard.aspx?WFID=114&amp;CategoryID=14
https://services.economy.ae/m/Pages/ServiceCard.aspx?WFID=115&amp;CategoryID=14
https://services.economy.ae/m/Pages/ServiceCard.aspx?WFID=116&amp;CategoryID=14
https://services.economy.ae/m/Pages/ServiceCard.aspx?WFID=131&amp;CategoryID=14
https://services.economy.ae/m/Pages/ServiceCard.aspx?WFID=105&amp;CategoryID=14
https://services.economy.ae/m/Pages/ServiceCard.aspx?WFID=132&amp;CategoryID=14
https://services.economy.ae/m/Pages/ServiceCard.aspx?WFID=106&amp;CategoryID=14
https://services.economy.ae/m/Pages/ServiceCard.aspx?WFID=107&amp;CategoryID=14
https://services.economy.ae/m/Pages/ServiceCard.aspx?WFID=108&amp;CategoryID=14
https://services.economy.ae/m/Pages/ServiceCard.aspx?WFID=109&amp;CategoryID=14
https://services.economy.ae/m/Pages/ServiceCard.aspx?WFID=110&amp;CategoryID=14
https://services.economy.ae/m/Pages/ServiceCard.aspx?WFID=111&amp;CategoryID=14
https://services.economy.ae/m/Pages/ServiceCard.aspx?WFID=112&amp;CategoryID=14
https://services.economy.ae/m/Pages/ServiceCard.aspx?WFID=117&amp;CategoryID=14
https://services.economy.ae/m/Pages/ServiceCard.aspx?WFID=121&amp;CategoryID=14
https://services.economy.ae/m/Pages/ServiceCard.aspx?WFID=15&amp;CategoryID=6
https://services.economy.ae/m/Pages/ServiceCard.aspx?WFID=130&amp;CategoryID=6
https://services.economy.ae/m/Pages/ServiceCard.aspx?WFID=137&amp;CategoryID=6
https://services.economy.ae/m/Pages/ServiceCard.aspx?WFID=139&amp;CategoryID=6
https://services.economy.ae/m/Pages/ServiceCard.aspx?WFID=145&amp;CategoryID=6
https://services.economy.ae/m/Pages/ServiceCard.aspx?WFID=14&amp;CategoryID=5
https://services.economy.ae/m/Pages/ServiceCard.aspx?WFID=43&amp;CategoryID=9
https://services.economy.ae/m/Pages/ServiceCard.aspx?WFID=44&amp;CategoryID=9
https://services.economy.ae/m/Pages/ServiceCard.aspx?WFID=119&amp;CategoryID=9
https://services.economy.ae/m/Pages/ServiceCard.aspx?WFID=120&amp;CategoryID=9
https://services.economy.ae/m/Pages/ServiceCard.aspx?WFID=128&amp;CategoryID=9
https://services.economy.ae/m/Pages/ServiceCard.aspx?WFID=133&amp;CategoryID=17
https://services.economy.ae/m/Pages/ServiceCard.aspx?WFID=46&amp;CategoryID=11
https://services.economy.ae/m/Pages/ServiceCard.aspx?WFID=51&amp;CategoryID=13
https://services.economy.ae/m/Pages/ServiceCard.aspx?WFID=81&amp;CategoryID=13
https://services.economy.ae/m/Pages/ServiceCard.aspx?WFID=124&amp;CategoryID=13
https://services.economy.ae/m/Pages/ServiceCard.aspx?WFID=125&amp;CategoryID=13
https://services.economy.ae/m/Pages/ServiceCard.aspx?WFID=146&amp;CategoryID=13
https://services.economy.ae/m/Pages/ServiceCard.aspx?WFID=168&amp;CategoryID=13
https://services.economy.ae/m/Pages/ServiceCard.aspx?WFID=169&amp;CategoryID=13
https://services.economy.ae/m/Pages/ServiceCard.aspx?WFID=118&amp;CategoryID=16
https://services.economy.ae/m/Pages/ServiceCard.aspx?WFID=143&amp;CategoryID=16
https://services.economy.ae/m/Pages/ServiceCard.aspx?WFID=141&amp;CategoryID=20
https://services.economy.ae/m/Pages/ServiceCard.aspx?WFID=142&amp;CategoryID=20
https://services.economy.ae/m/Pages/ServiceCard.aspx?WFID=144&amp;CategoryID=20
https://services.economy.ae/m/Pages/ServiceCard.aspx?WFID=159&amp;CategoryID=22
https://services.economy.ae/m/Pages/ServiceCard.aspx?WFID=69&amp;CategoryID=24
https://services.economy.ae/m/Pages/ServiceCard.aspx?WFID=72&amp;CategoryID=24