Factory Registration, https://locusnine.github.io/moe-pages/template.html?serviceId=17&serviceCategory=2
Certificate of Origin for GCC - Industrial, https://locusnine.github.io/moe-pages/template.html?serviceId=3&serviceCategory=2
Certificate of Origin for GCC - Agriculture & Animal, https://locusnine.github.io/moe-pages/template.html?serviceId=18&serviceCategory=2
Certificate of Origin for GCC - Natural Products, https://locusnine.github.io/moe-pages/template.html?serviceId=19&serviceCategory=2
Certificate of Origin for Arab League, https://locusnine.github.io/moe-pages/template.html?serviceId=20&serviceCategory=2
General Certificate of Origin, https://locusnine.github.io/moe-pages/template.html?serviceId=21&serviceCategory=2
Certificate of Origin Generalized System of Preferences, https://locusnine.github.io/moe-pages/template.html?serviceId=22&serviceCategory=2
Certificate of Origin for GCC - Preferential (EFTA),https://locusnine.github.io/moe-pages/template.html?serviceId=52&serviceCategory=2
Certificate of Origin for Singapore, https://locusnine.github.io/moe-pages/template.html?serviceId=53&serviceCategory=2
Certificate Of Origin Modification, https://locusnine.github.io/moe-pages/template.html?serviceId=82&serviceCategory=2
Verify Certificate Of Origin Data, https://locusnine.github.io/moe-pages/template.html?serviceId=160&serviceCategory=2
Agency Registration, https://locusnine.github.io/moe-pages/template.html?serviceId=28&serviceCategory=8
Agency Renewal, https://locusnine.github.io/moe-pages/template.html?serviceId=26&serviceCategory=8
Agency Modification, https://locusnine.github.io/moe-pages/template.html?serviceId=29&serviceCategory=8
Agency Cancellation, https://locusnine.github.io/moe-pages/template.html?serviceId=30&serviceCategory=8
Agency Transfer, https://locusnine.github.io/moe-pages/template.html?serviceId=31&serviceCategory=8
Agency Enquiry, https://locusnine.github.io/moe-pages/template.html?serviceId=32&serviceCategory=8
Tracking Dispute, https://locusnine.github.io/moe-pages/template.html?serviceId=33&serviceCategory=8
Agency Official Letter, https://locusnine.github.io/moe-pages/template.html?serviceId=34&serviceCategory=8
Agency Attachment Request, https://locusnine.github.io/moe-pages/template.html?serviceId=35&serviceCategory=8
Foreign Company Branch Initial Approval, https://locusnine.github.io/moe-pages/template.html?serviceId=77&serviceCategory=7
Foreign Company Branch Registration, https://locusnine.github.io/moe-pages/template.html?serviceId=38&serviceCategory=7
Foreign Company Renewal, https://locusnine.github.io/moe-pages/template.html?serviceId=50&serviceCategory=7
Foreign Company Initial Approval Modification, https://locusnine.github.io/moe-pages/template.html?serviceId=78&serviceCategory=7
Foreign Company Branch Modification, https://locusnine.github.io/moe-pages/template.html?serviceId=76&serviceCategory=7
Foreign Company Sale Merge, https://locusnine.github.io/moe-pages/template.html?serviceId=91&serviceCategory=7
Foreign Company Cancellation, https://locusnine.github.io/moe-pages/template.html?serviceId=49&serviceCategory=7
Cancelled Foreign Company Re-Registration, https://locusnine.github.io/moe-pages/template.html?serviceId=64&serviceCategory=7
Freeze Foreign Company Branch, https://locusnine.github.io/moe-pages/template.html?serviceId=66&serviceCategory=7
Foreign Company Extract, https://locusnine.github.io/moe-pages/template.html?serviceId=48&serviceCategory=7
Initial Approval For Industrial License, https://locusnine.github.io/moe-pages/template.html?serviceId=39&serviceCategory=3
Duty Exemption, https://locusnine.github.io/moe-pages/template.html?serviceId=5&serviceCategory=3
Industrial License Registration, https://locusnine.github.io/moe-pages/template.html?serviceId=40&serviceCategory=3
Material Quota Increase Request, https://locusnine.github.io/moe-pages/template.html?serviceId=67&serviceCategory=3
Add New Raw Material, https://locusnine.github.io/moe-pages/template.html?serviceId=68&serviceCategory=3
Industrial License Cancellation, https://locusnine.github.io/moe-pages/template.html?serviceId=70&serviceCategory=3
Initial Approval Cancellation, https://locusnine.github.io/moe-pages/template.html?serviceId=71&serviceCategory=3
Value Added Tax Request, https://locusnine.github.io/moe-pages/template.html?serviceId=73&serviceCategory=3
Initial Approval For Industrial License Renewal, https://locusnine.github.io/moe-pages/template.html?serviceId=74&serviceCategory=3
Industrial License Modification Request, https://locusnine.github.io/moe-pages/template.html?serviceId=79&serviceCategory=3
Industrial License Renewal Request, https://locusnine.github.io/moe-pages/template.html?serviceId=80&serviceCategory=3
Trademark Registration, https://locusnine.github.io/moe-pages/template.html?serviceId=37&serviceCategory=4
Trademarks Inquiry For Gov, https://locusnine.github.io/moe-pages/template.html?serviceId=6&serviceCategory=4
Trademark Renewal, https://locusnine.github.io/moe-pages/template.html?serviceId=42&serviceCategory=4
Trademark Mortgage, https://locusnine.github.io/moe-pages/template.html?serviceId=54&serviceCategory=4
Trademark Ownership Transition, https://locusnine.github.io/moe-pages/template.html?serviceId=55&serviceCategory=4
Licensing Using Trademark, https://locusnine.github.io/moe-pages/template.html?serviceId=56&serviceCategory=4
Trademark Ownership Modification, https://locusnine.github.io/moe-pages/template.html?serviceId=57&serviceCategory=4
Trademark Logo Modification, https://locusnine.github.io/moe-pages/template.html?serviceId=58&serviceCategory=4
Trademark Products Modification, https://locusnine.github.io/moe-pages/template.html?serviceId=59&serviceCategory=4
Licensing Using Internal Trademark, https://locusnine.github.io/moe-pages/template.html?serviceId=60&serviceCategory=4
Change Trademark Agent, https://locusnine.github.io/moe-pages/template.html?serviceId=61&serviceCategory=4
Cancel Registered Trademark By Owner Request, https://locusnine.github.io/moe-pages/template.html?serviceId=62&serviceCategory=4
Cancel Unregistered Trademarks, https://locusnine.github.io/moe-pages/template.html?serviceId=63&serviceCategory=4
Pay Publishing Fees For Trademark Registration, https://locusnine.github.io/moe-pages/template.html?serviceId=127&serviceCategory=4
Pay Registration Fees For Trademark, https://locusnine.github.io/moe-pages/template.html?serviceId=129&serviceCategory=4
Trademarks Inquiry, https://locusnine.github.io/moe-pages/template.html?serviceId=136&serviceCategory=4
Trademark Agent Registration, https://locusnine.github.io/moe-pages/template.html?serviceId=149&serviceCategory=4
Trademark Agent Registration Renewal, https://locusnine.github.io/moe-pages/template.html?serviceId=150&serviceCategory=4
Trademark Agent Registration Modification, https://locusnine.github.io/moe-pages/template.html?serviceId=151&serviceCategory=4
Trademark Agent Registration Cancellation, https://locusnine.github.io/moe-pages/template.html?serviceId=152&serviceCategory=4
Fill Old Trademark Agent Registration Information, https://locusnine.github.io/moe-pages/template.html?serviceId=153&serviceCategory=4
Request For Grievance Against The Management Decision On A Trademark, https://locusnine.github.io/moe-pages/template.html?serviceId=154&serviceCategory=4
Objection To The Acceptance Of A Trademark Registration, https://locusnine.github.io/moe-pages/template.html?serviceId=155&serviceCategory=4
Response Of Objection to Accepting A Trademark Registration, https://locusnine.github.io/moe-pages/template.html?serviceId=156&serviceCategory=4
Define A Hearing On Trademark - The Objector, https://locusnine.github.io/moe-pages/template.html?serviceId=157&serviceCategory=4
Define A Hearing On Trademark - Objected Against, https://locusnine.github.io/moe-pages/template.html?serviceId=158&serviceCategory=4
Trademark Information Certificate, https://locusnine.github.io/moe-pages/template.html?serviceId=161&serviceCategory=4
To Whom It May Concern Certificate - Unregistered Trademark, https://locusnine.github.io/moe-pages/template.html?serviceId=162&serviceCategory=4
To Whom It May Concern Certificate - Registered Trademark, https://locusnine.github.io/moe-pages/template.html?serviceId=163&serviceCategory=4
Copy Of Trademark Registration Certificate, https://locusnine.github.io/moe-pages/template.html?serviceId=164&serviceCategory=4
Copy Of Trademark Renewal Certificate, https://locusnine.github.io/moe-pages/template.html?serviceId=165&serviceCategory=4
Complaint for Trademark Infringement, https://locusnine.github.io/moe-pages/template.html?serviceId=170&serviceCategory=4
Material Copyright Registration, https://locusnine.github.io/moe-pages/template.html?serviceId=41&serviceCategory=10
Intellectual Property Complaint, https://locusnine.github.io/moe-pages/template.html?serviceId=65&serviceCategory=10
Register Copyrights Importing And Exporting Company, https://locusnine.github.io/moe-pages/template.html?serviceId=75&serviceCategory=10
Register New Contract, https://locusnine.github.io/moe-pages/template.html?serviceId=122&serviceCategory=10
Add Material Application, https://locusnine.github.io/moe-pages/template.html?serviceId=123&serviceCategory=10
Apply for Patent, https://locusnine.github.io/moe-pages/template.html?serviceId=92&serviceCategory=14
Apply For Utility Certificate, https://locusnine.github.io/moe-pages/template.html?serviceId=94&serviceCategory=14
Apply for Industrial Drawing, https://locusnine.github.io/moe-pages/template.html?serviceId=95&serviceCategory=14
Apply for Industrial Design, https://locusnine.github.io/moe-pages/template.html?serviceId=96&serviceCategory=14
Apply For Temporary Protection Of Invention, https://locusnine.github.io/moe-pages/template.html?serviceId=97&serviceCategory=14
Apply for Temporary Protection of Drawing or Design, https://locusnine.github.io/moe-pages/template.html?serviceId=98&serviceCategory=14
Pay Annual Fee, https://locusnine.github.io/moe-pages/template.html?serviceId=103&serviceCategory=14
Pay Term of Protection Renewal, https://locusnine.github.io/moe-pages/template.html?serviceId=104&serviceCategory=14
"Document Service(extract, re - issue Certificate, etc)", https://locusnine.github.io/moe-pages/template.html?serviceId=113&serviceCategory=14
e - Service Conversion Request, https://locusnine.github.io/moe-pages/template.html?serviceId=114&serviceCategory=14
Modify Agent Information, https://locusnine.github.io/moe-pages/template.html?serviceId=115&serviceCategory=14
Renew Registration of Industrial Property Attorney, https://locusnine.github.io/moe-pages/template.html?serviceId=116&serviceCategory=14
Apply For Preliminary Amendment, https://locusnine.github.io/moe-pages/template.html?serviceId=131&serviceCategory=14
Apply for Data Correction &Modification, https://locusnine.github.io/moe-pages/template.html?serviceId=105&serviceCategory=14
Apply for Agent Registration, https://locusnine.github.io/moe-pages/template.html?serviceId=132&serviceCategory=14
Request Change of Owners, https://locusnine.github.io/moe-pages/template.html?serviceId=106&serviceCategory=14
Change POA, https://locusnine.github.io/moe-pages/template.html?serviceId=107&serviceCategory=14
Register License, https://locusnine.github.io/moe-pages/template.html?serviceId=108&serviceCategory=14
Modify / Terminate License, https://locusnine.github.io/moe-pages/template.html?serviceId=109&serviceCategory=14
Register Pledge, https://locusnine.github.io/moe-pages/template.html?serviceId=110&serviceCategory=14
Modify / Terminate Pledge, https://locusnine.github.io/moe-pages/template.html?serviceId=111&serviceCategory=14
Cancel or Withdraw Application, https://locusnine.github.io/moe-pages/template.html?serviceId=112&serviceCategory=14
Industrial Property Digital Library, https://locusnine.github.io/moe-pages/template.html?serviceId=117&serviceCategory=14
Online Publication, https://locusnine.github.io/moe-pages/template.html?serviceId=121&serviceCategory=14
Private Joint Stock Company Registration, https://locusnine.github.io/moe-pages/template.html?serviceId=15&serviceCategory=6
Private Joint Stock Company Renewal, https://locusnine.github.io/moe-pages/template.html?serviceId=130&serviceCategory=6
Filling Information of Old Registered Private Joint Stock Company, https://locusnine.github.io/moe-pages/template.html?serviceId=137&serviceCategory=6
Private Joint Stock Company Modification, https://locusnine.github.io/moe-pages/template.html?serviceId=139&serviceCategory=6
Private Joint Stock Company Liquidation or Conversion, https://locusnine.github.io/moe-pages/template.html?serviceId=145&serviceCategory=6
Business Name Availability, https://locusnine.github.io/moe-pages/template.html?serviceId=14&serviceCategory=5
Prices Increase Request, https://locusnine.github.io/moe-pages/template.html?serviceId=43&serviceCategory=9
Commodity Prices Chart, https://locusnine.github.io/moe-pages/template.html?serviceId=44&serviceCategory=9
Commodities Prices, https://locusnine.github.io/moe-pages/template.html?serviceId=119&serviceCategory=9
Recall, https://locusnine.github.io/moe-pages/template.html?serviceId=120&serviceCategory=9
Consumer Complaints, https://locusnine.github.io/moe-pages/template.html?serviceId=128&serviceCategory=9
Provide Library Knowledge Content, https://locusnine.github.io/moe-pages/template.html?serviceId=133&serviceCategory=17
Foreign Trade Statistics, https://locusnine.github.io/moe-pages/template.html?serviceId=46&serviceCategory=11
Reset User Password, https://locusnine.github.io/moe-pages/template.html?serviceId=51&serviceCategory=13
eServices Technical Support, https://locusnine.github.io/moe-pages/template.html?serviceId=81&serviceCategory=13
Payments Inquiry, https://locusnine.github.io/moe-pages/template.html?serviceId=124&serviceCategory=13
Workflow Trace Inquiry, https://locusnine.github.io/moe-pages/template.html?serviceId=125&serviceCategory=13
Errors Inquiry, https://locusnine.github.io/moe-pages/template.html?serviceId=146&serviceCategory=13
eDirham Test Service, https://locusnine.github.io/moe-pages/template.html?serviceId=168&serviceCategory=13
Change Application Owner, https://locusnine.github.io/moe-pages/template.html?serviceId=169&serviceCategory=13
Declare Cooperative Society Request, https://locusnine.github.io/moe-pages/template.html?serviceId=118&serviceCategory=16
Open New Cooperative Branch Request, https://locusnine.github.io/moe-pages/template.html?serviceId=143&serviceCategory=16
Made In UAE Mark Certificate Request, https://locusnine.github.io/moe-pages/template.html?serviceId=141&serviceCategory=20
Made In UAE Mark Certificate Request Modification, https://locusnine.github.io/moe-pages/template.html?serviceId=142&serviceCategory=20
Made In UAE Mark Certificate Request Renewal, https://locusnine.github.io/moe-pages/template.html?serviceId=144&serviceCategory=20
Apply For Job, https://locusnine.github.io/moe-pages/template.html?serviceId=159&serviceCategory=22
Price Preference Request, https://locusnine.github.io/moe-pages/template.html?serviceId=69&serviceCategory=24
Scrap Export Request, https://locusnine.github.io/moe-pages/template.html?serviceId=72&serviceCategory=24